{"cameraMode":{"drawMode":0,"name":"Shaded","section":"Shading Mode"},"sceneLighting":false,"audioPlay":false,"sceneViewState":{"showFog":true,"showMaterialUpdate":true,"showSkybox":true,"showFlares":true,"showImageEffects":true,"showParticleSystems":true},"in2DMode":false,"pivot":{"x":98.67349243164063,"y":3.4550247192382814,"z":-0.31591796875},"rotation":{"x":-0.16158191859722138,"y":0.013911507092416287,"z":-0.0022779980208724739,"w":-0.9867585301399231},"size":205.87750244140626,"orthographic":false}